"hash","keeper","moved_from","moved_to"
"EBE3F6C749CE486B01331E835807FD2BBB1C44CD","D:\TGY\vibecoding\delivery_offline\打码机管子汇总\VJMsg\J11BS.0740.A.305.901","D:\TGY\vibecoding\delivery_offline\打码机管子汇总\歼-11BS\J11BS.0740.A.305.901","D:\TGY\vibecoding\delivery_offline\archive_dup\歼-11BS\J11BS.0740.A.305.901"
"5C112F08BF5557902772E3929B05187D19BEE442","D:\TGY\vibecoding\delivery_offline\打码机管子汇总\VJMsg\J11BS.0740.A.305.903","D:\TGY\vibecoding\delivery_offline\打码机管子汇总\歼-11BS\J11BS.0740.A.305.903","D:\TGY\vibecoding\delivery_offline\archive_dup\歼-11BS\J11BS.0740.A.305.903"
"715C39B9B72B1B321960676DE510DD15EA111A7A","D:\TGY\vibecoding\delivery_offline\打码机管子汇总\VJMsg\J11BS.0740.A.305.905","D:\TGY\vibecoding\delivery_offline\打码机管子汇总\歼-11BS\J11BS.0740.A.305.905","D:\TGY\vibecoding\delivery_offline\archive_dup\歼-11BS\J11BS.0740.A.305.905"
"51733A703D310FB2D88E9BA7161D86D42CA7C67E","D:\TGY\vibecoding\delivery_offline\打码机管子汇总\VJMsg\J11BS.0740.A.305.907","D:\TGY\vibecoding\delivery_offline\打码机管子汇总\歼-11BS\J11BS.0740.A.305.907","D:\TGY\vibecoding\delivery_offline\archive_dup\歼-11BS\J11BS.0740.A.305.907"
"438AF947D83D5D02D873DA349DF2318BF9382411","D:\TGY\vibecoding\delivery_offline\打码机管子汇总\VJMsg\J11BS.0740.A.305.909","D:\TGY\vibecoding\delivery_offline\打码机管子汇总\歼-11BS\J11BS.0740.A.305.909","D:\TGY\vibecoding\delivery_offline\archive_dup\歼-11BS\J11BS.0740.A.305.909"
"474F2115F9A21DCFC55393A21BED5ED3A03185B3","D:\TGY\vibecoding\delivery_offline\打码机管子汇总\VJMsg\J11BS.0740.A.305.911","D:\TGY\vibecoding\delivery_offline\打码机管子汇总\歼-11BS\J11BS.0740.A.305.911","D:\TGY\vibecoding\delivery_offline\archive_dup\歼-11BS\J11BS.0740.A.305.911"
"A1E3EC91D8A6AD2E364F365B88C10D2B9DCFF197","D:\TGY\vibecoding\delivery_offline\打码机管子汇总\VJMsg\J11BS.0740.A.305.915","D:\TGY\vibecoding\delivery_offline\打码机管子汇总\歼-11BS\J11BS.0740.A.305.915","D:\TGY\vibecoding\delivery_offline\archive_dup\歼-11BS\J11BS.0740.A.305.915"
"4292C0A3F0512FB7ECCEFC93B0982081348A912C","D:\TGY\vibecoding\delivery_offline\打码机管子汇总\VJMsg\J11BS.0740.A.305.925","D:\TGY\vibecoding\delivery_offline\打码机管子汇总\歼-11BS\J11BS.0740.A.305.925","D:\TGY\vibecoding\delivery_offline\archive_dup\歼-11BS\J11BS.0740.A.305.925"
"59BF506A760CD33A7F376EC82E666C04DEAE343F","D:\TGY\vibecoding\delivery_offline\打码机管子汇总\VJMsg\J11BS.0740.A.305.931","D:\TGY\vibecoding\delivery_offline\打码机管子汇总\歼-11BS\J11BS.0740.A.305.931","D:\TGY\vibecoding\delivery_offline\archive_dup\歼-11BS\J11BS.0740.A.305.931"
"31E2EEBB80D83E1CDA203CCD67FD0A498555A462","D:\TGY\vibecoding\delivery_offline\打码机管子汇总\VJMsg\J11BS.0740.A.305.941","D:\TGY\vibecoding\delivery_offline\打码机管子汇总\歼-11BS\J11BS.0740.A.305.941","D:\TGY\vibecoding\delivery_offline\archive_dup\歼-11BS\J11BS.0740.A.305.941"
"EF7F06CC912C58B7ECB7BB937F329F287FC98DA1","D:\TGY\vibecoding\delivery_offline\打码机管子汇总\VJMsg\J11BS.0740.A.305.997","D:\TGY\vibecoding\delivery_offline\打码机管子汇总\歼-11BS\J11BS.0740.A.305.997","D:\TGY\vibecoding\delivery_offline\archive_dup\歼-11BS\J11BS.0740.A.305.997"
"E753125B2692427AF8CC9613F4C97392BB1AC5BD","D:\TGY\vibecoding\delivery_offline\打码机管子汇总\VJMsg\J11BS.0780.A.910.000","D:\TGY\vibecoding\delivery_offline\打码机管子汇总\歼-11BS\J11BS.0780.A.910.000","D:\TGY\vibecoding\delivery_offline\archive_dup\歼-11BS\J11BS.0780.A.910.000"
"35B3F667F2C99CE28E24BEA8690F1BC9C48A2F0E","D:\TGY\vibecoding\delivery_offline\打码机管子汇总\VJMsg\J11BS.5303.A.005.000","D:\TGY\vibecoding\delivery_offline\打码机管子汇总\歼-11BS\J11BS.5303.A.005.000","D:\TGY\vibecoding\delivery_offline\archive_dup\歼-11BS\J11BS.5303.A.005.000"
"A2A6399AA7D696ADD34C46009A969F2E5711C82B","D:\TGY\vibecoding\delivery_offline\打码机管子汇总\VJMsg\J11BS.5303.A.010.960","D:\TGY\vibecoding\delivery_offline\打码机管子汇总\歼-11BS\J11BS.5303.A.010.960","D:\TGY\vibecoding\delivery_offline\archive_dup\歼-11BS\J11BS.5303.A.010.960"
"EEB30330133DC8B96AF63D411E5E1DFE4D8D2EA5","D:\TGY\vibecoding\delivery_offline\打码机管子汇总\VJMsg\J11BS.5314.A.010.908","D:\TGY\vibecoding\delivery_offline\打码机管子汇总\歼-11BS\J11BS.5314.A.010.908","D:\TGY\vibecoding\delivery_offline\archive_dup\歼-11BS\J11BS.5314.A.010.908"
"B17056DA3E87ACA845D741095813DEA334C3D793","D:\TGY\vibecoding\delivery_offline\打码机管子汇总\VJMsg\J11BS.5314.A.010.948","D:\TGY\vibecoding\delivery_offline\打码机管子汇总\歼-11BS\J11BS.5314.A.010.948","D:\TGY\vibecoding\delivery_offline\archive_dup\歼-11BS\J11BS.5314.A.010.948"
"C08278BADE95D2CE65891914F61867DE35375F96","D:\TGY\vibecoding\delivery_offline\打码机管子汇总\VJMsg\J11BS.5314.A.010.953","D:\TGY\vibecoding\delivery_offline\打码机管子汇总\歼-11BS\J11BS.5314.A.010.953","D:\TGY\vibecoding\delivery_offline\archive_dup\歼-11BS\J11BS.5314.A.010.953"
"001481E19B8EA239F0942F9959F28E452E2DEC0F","D:\TGY\vibecoding\delivery_offline\打码机管子汇总\VJMsg\J11BS.5314.A.010.973","D:\TGY\vibecoding\delivery_offline\打码机管子汇总\歼-11BS\J11BS.5314.A.010.973","D:\TGY\vibecoding\delivery_offline\archive_dup\歼-11BS\J11BS.5314.A.010.973"
"610821D327C023647D422A17214C07B04584C50A","D:\TGY\vibecoding\delivery_offline\打码机管子汇总\VJMsg\J11BS.5314.A.010.975","D:\TGY\vibecoding\delivery_offline\打码机管子汇总\歼-11BS\J11BS.5314.A.010.975","D:\TGY\vibecoding\delivery_offline\archive_dup\歼-11BS\J11BS.5314.A.010.975"
"F6B5CFEC7EB05C9861A8E51FD7A28B1C36252C1F","D:\TGY\vibecoding\delivery_offline\打码机管子汇总\VJMsg\J11BS.5314.A.010.985","D:\TGY\vibecoding\delivery_offline\打码机管子汇总\歼-11BS\J11BS.5314.A.010.985","D:\TGY\vibecoding\delivery_offline\archive_dup\歼-11BS\J11BS.5314.A.010.985"
"933F112915CC681E8A03DE051592810977DE6734","D:\TGY\vibecoding\delivery_offline\打码机管子汇总\VJMsg\J11BS.5314.A.050.913","D:\TGY\vibecoding\delivery_offline\打码机管子汇总\歼-11BS\J11BS.5314.A.050.913","D:\TGY\vibecoding\delivery_offline\archive_dup\歼-11BS\J11BS.5314.A.050.913"
"76A17DAF8896CC065CB9C8A082FF01B92A39F0C0","D:\TGY\vibecoding\delivery_offline\打码机管子汇总\VJMsg\J11BS.5314.A.050.921","D:\TGY\vibecoding\delivery_offline\打码机管子汇总\歼-11BS\J11BS.5314.A.050.921","D:\TGY\vibecoding\delivery_offline\archive_dup\歼-11BS\J11BS.5314.A.050.921"
"4864063781FBB30DC0849C569BDD5F3FFE8FB10E","D:\TGY\vibecoding\delivery_offline\打码机管子汇总\VJMsg\J11BS.5314.A.050.937","D:\TGY\vibecoding\delivery_offline\打码机管子汇总\歼-11BS\J11BS.5314.A.050.937","D:\TGY\vibecoding\delivery_offline\archive_dup\歼-11BS\J11BS.5314.A.050.937"
"FF369721C6D0C34E40713A43F84AD107D2B0AD7E","D:\TGY\vibecoding\delivery_offline\打码机管子汇总\VJMsg\J11BS.5314.A.655.901","D:\TGY\vibecoding\delivery_offline\打码机管子汇总\歼-11BS\J11BS.5314.A.655.901","D:\TGY\vibecoding\delivery_offline\archive_dup\歼-11BS\J11BS.5314.A.655.901"
"5337A0FFC771F9D34BC63C6ACF6CF0ED6340D3EF","D:\TGY\vibecoding\delivery_offline\打码机管子汇总\VJMsg\J11BS.5314.A.655.902","D:\TGY\vibecoding\delivery_offline\打码机管子汇总\歼-11BS\J11BS.5314.A.655.902","D:\TGY\vibecoding\delivery_offline\archive_dup\歼-11BS\J11BS.5314.A.655.902"
"9F6048DBDD11AB09B6A0A0DEE6CB796A6397A4D2","D:\TGY\vibecoding\delivery_offline\打码机管子汇总\VJMsg\J11BS.5314.A.655.906","D:\TGY\vibecoding\delivery_offline\打码机管子汇总\歼-11BS\J11BS.5314.A.655.906","D:\TGY\vibecoding\delivery_offline\archive_dup\歼-11BS\J11BS.5314.A.655.906"
"E33F0A1335340968499F617ADA22FF7E78B9EAE2","D:\TGY\vibecoding\delivery_offline\打码机管子汇总\VJMsg\J11BS.5314.A.655.908","D:\TGY\vibecoding\delivery_offline\打码机管子汇总\歼-11BS\J11BS.5314.A.655.908","D:\TGY\vibecoding\delivery_offline\archive_dup\歼-11BS\J11BS.5314.A.655.908"
"A9B9401813FC92817205761D553038394F49B592","D:\TGY\vibecoding\delivery_offline\打码机管子汇总\VJMsg\J11BS.5314.A.655.910","D:\TGY\vibecoding\delivery_offline\打码机管子汇总\歼-11BS\J11BS.5314.A.655.910","D:\TGY\vibecoding\delivery_offline\archive_dup\歼-11BS\J11BS.5314.A.655.910"
"C7B9A2AD2B6223DCB4B97F215AAAD7FEBA0FD25C","D:\TGY\vibecoding\delivery_offline\打码机管子汇总\VJMsg\J11BS.5314.A.655.911","D:\TGY\vibecoding\delivery_offline\打码机管子汇总\歼-11BS\J11BS.5314.A.655.911","D:\TGY\vibecoding\delivery_offline\archive_dup\歼-11BS\J11BS.5314.A.655.911"
"8A9A6E7BB5BC705AC902FD075CDA15E76F84050A","D:\TGY\vibecoding\delivery_offline\打码机管子汇总\VJMsg\J11BS.5314.A.655.917","D:\TGY\vibecoding\delivery_offline\打码机管子汇总\歼-11BS\J11BS.5314.A.655.917","D:\TGY\vibecoding\delivery_offline\archive_dup\歼-11BS\J11BS.5314.A.655.917"
"10CC5F6D610B571D0A2CFCF422B1039C5E734CE6","D:\TGY\vibecoding\delivery_offline\打码机管子汇总\VJMsg\J11BS.5314.A.655.935","D:\TGY\vibecoding\delivery_offline\打码机管子汇总\歼-11BS\J11BS.5314.A.655.935","D:\TGY\vibecoding\delivery_offline\archive_dup\歼-11BS\J11BS.5314.A.655.935"
"6D1E8B6ACA9119BB25F2AEA4687066CA4C132C00","D:\TGY\vibecoding\delivery_offline\打码机管子汇总\VJMsg\J11BS.5314.A.655.936","D:\TGY\vibecoding\delivery_offline\打码机管子汇总\歼-11BS\J11BS.5314.A.655.936","D:\TGY\vibecoding\delivery_offline\archive_dup\歼-11BS\J11BS.5314.A.655.936"
"1A23D2010759DEB318737F08FF5DB75DC9B469C9","D:\TGY\vibecoding\delivery_offline\打码机管子汇总\VJMsg\J11BS.5324.A.010.924","D:\TGY\vibecoding\delivery_offline\打码机管子汇总\歼-11BS\J11BS.5324.A.010.924","D:\TGY\vibecoding\delivery_offline\archive_dup\歼-11BS\J11BS.5324.A.010.924"
"7317C6D5E06AA5AD5952F4CD250B35A70A927D1D","D:\TGY\vibecoding\delivery_offline\打码机管子汇总\VJMsg\J11BS.5324.A.010.937","D:\TGY\vibecoding\delivery_offline\打码机管子汇总\歼-11BS\J11BS.5324.A.010.937","D:\TGY\vibecoding\delivery_offline\archive_dup\歼-11BS\J11BS.5324.A.010.937"
"B9FC7FF7A7E7E69AD8994C8AC6C474CDCC3EEBE5","D:\TGY\vibecoding\delivery_offline\打码机管子汇总\VJMsg\J11BS.5324.A.010.948","D:\TGY\vibecoding\delivery_offline\打码机管子汇总\歼-11BS\J11BS.5324.A.010.948","D:\TGY\vibecoding\delivery_offline\archive_dup\歼-11BS\J11BS.5324.A.010.948"
"8368CD6AB3302ECC4675704639C19FAD894EA2CD","D:\TGY\vibecoding\delivery_offline\打码机管子汇总\VJMsg\J11BS.5324.A.010.964","D:\TGY\vibecoding\delivery_offline\打码机管子汇总\歼-11BS\J11BS.5324.A.010.964","D:\TGY\vibecoding\delivery_offline\archive_dup\歼-11BS\J11BS.5324.A.010.964"
"F715D953E679880B8E6594F6A461701C21EBD652","D:\TGY\vibecoding\delivery_offline\打码机管子汇总\VJMsg\J11BS.5324.A.010.965","D:\TGY\vibecoding\delivery_offline\打码机管子汇总\歼-11BS\J11BS.5324.A.010.965","D:\TGY\vibecoding\delivery_offline\archive_dup\歼-11BS\J11BS.5324.A.010.965"
"01742FC295FD2600CB614C30234676BEB95CD2FC","D:\TGY\vibecoding\delivery_offline\打码机管子汇总\VJMsg\J11BS.5324.A.505.919","D:\TGY\vibecoding\delivery_offline\打码机管子汇总\歼-11BS\J11BS.5324.A.505.919","D:\TGY\vibecoding\delivery_offline\archive_dup\歼-11BS\J11BS.5324.A.505.919"
"CE213B82251E8F52175D6D170AF3EDBFD89F859F","D:\TGY\vibecoding\delivery_offline\打码机管子汇总\VJMsg\J11BS.5324.A.505.920","D:\TGY\vibecoding\delivery_offline\打码机管子汇总\歼-11BS\J11BS.5324.A.505.920","D:\TGY\vibecoding\delivery_offline\archive_dup\歼-11BS\J11BS.5324.A.505.920"
"D478FD23C98EF1A8FF264832FC7419FE9F9E9231","D:\TGY\vibecoding\delivery_offline\打码机管子汇总\VJMsg\J11BS.5324.A.505.922","D:\TGY\vibecoding\delivery_offline\打码机管子汇总\歼-11BS\J11BS.5324.A.505.922","D:\TGY\vibecoding\delivery_offline\archive_dup\歼-11BS\J11BS.5324.A.505.922"
"7A6CAEE0EF53B1E66F2A9D818FBE662D209A08B0","D:\TGY\vibecoding\delivery_offline\打码机管子汇总\VJMsg\J11BS.5324.A.505.923","D:\TGY\vibecoding\delivery_offline\打码机管子汇总\歼-11BS\J11BS.5324.A.505.923","D:\TGY\vibecoding\delivery_offline\archive_dup\歼-11BS\J11BS.5324.A.505.923"
"C4FBDE1AE935E6C1A51E7E0F3269B153123A9991","D:\TGY\vibecoding\delivery_offline\打码机管子汇总\VJMsg\J11BS.5324.A.505.927","D:\TGY\vibecoding\delivery_offline\打码机管子汇总\歼-11BS\J11BS.5324.A.505.927","D:\TGY\vibecoding\delivery_offline\archive_dup\歼-11BS\J11BS.5324.A.505.927"
"4127BC23CDF2188A1C96C30BD4D81832575DF7A4","D:\TGY\vibecoding\delivery_offline\打码机管子汇总\VJMsg\J11BS.5324.A.505.928","D:\TGY\vibecoding\delivery_offline\打码机管子汇总\歼-11BS\J11BS.5324.A.505.928","D:\TGY\vibecoding\delivery_offline\archive_dup\歼-11BS\J11BS.5324.A.505.928"
"2A0CFE3881CFAFA38F2026350E414B39225F8040","D:\TGY\vibecoding\delivery_offline\打码机管子汇总\VJMsg\J11BS.5324.A.655.901","D:\TGY\vibecoding\delivery_offline\打码机管子汇总\歼-11BS\J11BS.5324.A.655.901","D:\TGY\vibecoding\delivery_offline\archive_dup\歼-11BS\J11BS.5324.A.655.901"
"86DD2F33F4430CD959EF229A086AC36E8F6BA3B4","D:\TGY\vibecoding\delivery_offline\打码机管子汇总\VJMsg\J11BS.5324.A.655.902","D:\TGY\vibecoding\delivery_offline\打码机管子汇总\歼-11BS\J11BS.5324.A.655.902","D:\TGY\vibecoding\delivery_offline\archive_dup\歼-11BS\J11BS.5324.A.655.902"
"C8FB072F9F43BC582F557E34F5854B50B16380D5","D:\TGY\vibecoding\delivery_offline\打码机管子汇总\VJMsg\J11BS.5324.A.655.905","D:\TGY\vibecoding\delivery_offline\打码机管子汇总\歼-11BS\J11BS.5324.A.655.905","D:\TGY\vibecoding\delivery_offline\archive_dup\歼-11BS\J11BS.5324.A.655.905"
"39497569E7892A49C9501468DFB8AF3EBC49D9DD","D:\TGY\vibecoding\delivery_offline\打码机管子汇总\VJMsg\J11BS.5324.A.655.910","D:\TGY\vibecoding\delivery_offline\打码机管子汇总\歼-11BS\J11BS.5324.A.655.910","D:\TGY\vibecoding\delivery_offline\archive_dup\歼-11BS\J11BS.5324.A.655.910"
"BF869564187BC546B22CA434FB16A00C5356BB31","D:\TGY\vibecoding\delivery_offline\打码机管子汇总\VJMsg\J11BS.5324.A.655.971","D:\TGY\vibecoding\delivery_offline\打码机管子汇总\歼-11BS\J11BS.5324.A.655.971","D:\TGY\vibecoding\delivery_offline\archive_dup\歼-11BS\J11BS.5324.A.655.971"
"0C30D023FED0071CB8C8EA9BE577E75D7C014052","D:\TGY\vibecoding\delivery_offline\打码机管子汇总\VJMsg\J11BS.5334.A.010.915","D:\TGY\vibecoding\delivery_offline\打码机管子汇总\歼-11BS\J11BS.5334.A.010.915","D:\TGY\vibecoding\delivery_offline\archive_dup\歼-11BS\J11BS.5334.A.010.915"
"D1AB25F70A16E868729DE8AFEC984AE8BE8AE69C","D:\TGY\vibecoding\delivery_offline\打码机管子汇总\VJMsg\J11BS.5334.A.315.903","D:\TGY\vibecoding\delivery_offline\打码机管子汇总\歼-11BS\J11BS.5334.A.315.903","D:\TGY\vibecoding\delivery_offline\archive_dup\歼-11BS\J11BS.5334.A.315.903"
"9C1A94D5BE86D8EA84C85532C348FE5F7A80BE7F","D:\TGY\vibecoding\delivery_offline\打码机管子汇总\VJMsg\J11BS.5334.A.315.966","D:\TGY\vibecoding\delivery_offline\打码机管子汇总\歼-11BS\J11BS.5334.A.315.966","D:\TGY\vibecoding\delivery_offline\archive_dup\歼-11BS\J11BS.5334.A.315.966"
"4F95A5668B70E48A40C4D95F221DB759D6B22E03","D:\TGY\vibecoding\delivery_offline\打码机管子汇总\VJMsg\J11BS.5334.A.315.978","D:\TGY\vibecoding\delivery_offline\打码机管子汇总\歼-11BS\J11BS.5334.A.315.978","D:\TGY\vibecoding\delivery_offline\archive_dup\歼-11BS\J11BS.5334.A.315.978"
"BC61C060E4F00F81CD61694126A5A1E6B2003A49","D:\TGY\vibecoding\delivery_offline\打码机管子汇总\VJMsg\J11BS.6110.A.185.000","D:\TGY\vibecoding\delivery_offline\打码机管子汇总\歼-11BS\J11BS.6110.A.185.000","D:\TGY\vibecoding\delivery_offline\archive_dup\歼-11BS\J11BS.6110.A.185.000"
"24510F339D5DC8E1A1FB69D447B54989848F2DF8","D:\TGY\vibecoding\delivery_offline\打码机管子汇总\VJMsg\J11BS.6120.A.055.000","D:\TGY\vibecoding\delivery_offline\打码机管子汇总\歼-11BS\J11BS.6120.A.055.000","D:\TGY\vibecoding\delivery_offline\archive_dup\歼-11BS\J11BS.6120.A.055.000"
"A1594DA453DAA409A03B6AA6A511655F16AF88E2","D:\TGY\vibecoding\delivery_offline\打码机管子汇总\VJMsg\J11BS.6120.A.060.000","D:\TGY\vibecoding\delivery_offline\打码机管子汇总\歼-11BS\J11BS.6120.A.060.000","D:\TGY\vibecoding\delivery_offline\archive_dup\歼-11BS\J11BS.6120.A.060.000"
"95873C71A8D7CA8003EBC7E0E86F6D9BFF0B146B","D:\TGY\vibecoding\delivery_offline\打码机管子汇总\VJMsg\J11BS.6120.A.065.000","D:\TGY\vibecoding\delivery_offline\打码机管子汇总\歼-11BS\J11BS.6120.A.065.000","D:\TGY\vibecoding\delivery_offline\archive_dup\歼-11BS\J11BS.6120.A.065.000"
"FA83A5C200E220EFE7C739EB3299AC56F47BBBDD","D:\TGY\vibecoding\delivery_offline\打码机管子汇总\VJMsg\J11BS.6170.A.065.000","D:\TGY\vibecoding\delivery_offline\打码机管子汇总\歼-11BS\J11BS.6170.A.065.000","D:\TGY\vibecoding\delivery_offline\archive_dup\歼-11BS\J11BS.6170.A.065.000"
"E9ADDA5520993931C8A5DABCFEAC0198951F2422","D:\TGY\vibecoding\delivery_offline\打码机管子汇总\VJMsg\J11BS.6170.A.070.000","D:\TGY\vibecoding\delivery_offline\打码机管子汇总\歼-11BS\J11BS.6170.A.070.000","D:\TGY\vibecoding\delivery_offline\archive_dup\歼-11BS\J11BS.6170.A.070.000"
"0E1861FA8416C58140A62807396C9404EBFBC813","D:\TGY\vibecoding\delivery_offline\打码机管子汇总\VJMsg\J11BS.6170.A.075.000","D:\TGY\vibecoding\delivery_offline\打码机管子汇总\歼-11BS\J11BS.6170.A.075.000","D:\TGY\vibecoding\delivery_offline\archive_dup\歼-11BS\J11BS.6170.A.075.000"
"557E50DB7D54A825BA7BAEED481FEE74ACF73351","D:\TGY\vibecoding\delivery_offline\打码机管子汇总\VJMsg\J11BS.6170.A.085.000","D:\TGY\vibecoding\delivery_offline\打码机管子汇总\歼-11BS\J11BS.6170.A.085.000","D:\TGY\vibecoding\delivery_offline\archive_dup\歼-11BS\J11BS.6170.A.085.000"
"67FDDEDBD81E8A0BFAD1677ABBD3884D94136232","D:\TGY\vibecoding\delivery_offline\打码机管子汇总\VJMsg\J11BS.7410.A.925.902","D:\TGY\vibecoding\delivery_offline\打码机管子汇总\歼-11BS\J11BS.7410.A.925.902","D:\TGY\vibecoding\delivery_offline\archive_dup\歼-11BS\J11BS.7410.A.925.902"
"11FE4AC634939675605FD5C5F863B06A6521B298","D:\TGY\vibecoding\delivery_offline\打码机管子汇总\VJMsg\J11BS.7410.A.925.975","D:\TGY\vibecoding\delivery_offline\打码机管子汇总\歼-11BS\J11BS.7410.A.925.975","D:\TGY\vibecoding\delivery_offline\archive_dup\歼-11BS\J11BS.7410.A.925.975"
"F2AADD17EA2923FAAB48F14F883F400F409C9E7F","D:\TGY\vibecoding\delivery_offline\打码机管子汇总\VJMsg\J11BS.7601.A.026.000","D:\TGY\vibecoding\delivery_offline\打码机管子汇总\歼-11BS\J11BS.7601.A.026.000","D:\TGY\vibecoding\delivery_offline\archive_dup\歼-11BS\J11BS.7601.A.026.000"
"793CC6DD2CD5E9D43F007D73744294F420EB812F","D:\TGY\vibecoding\delivery_offline\打码机管子汇总\VJMsg\J11BS.7601.A.030.000","D:\TGY\vibecoding\delivery_offline\打码机管子汇总\歼-11BS\J11BS.7601.A.030.000","D:\TGY\vibecoding\delivery_offline\archive_dup\歼-11BS\J11BS.7601.A.030.000"
"BAD9FB12A8106128EE110110135F258F4392A150","D:\TGY\vibecoding\delivery_offline\打码机管子汇总\VJMsg\J11BS.7601.A.031.000","D:\TGY\vibecoding\delivery_offline\打码机管子汇总\歼-11BS\J11BS.7601.A.031.000","D:\TGY\vibecoding\delivery_offline\archive_dup\歼-11BS\J11BS.7601.A.031.000"
"5C576824DE7BF1D8247AE3F6E1CED6BCCABF18FF","D:\TGY\vibecoding\delivery_offline\打码机管子汇总\VJMsg\J11BS.7601.A.035.000","D:\TGY\vibecoding\delivery_offline\打码机管子汇总\歼-11BS\J11BS.7601.A.035.000","D:\TGY\vibecoding\delivery_offline\archive_dup\歼-11BS\J11BS.7601.A.035.000"
"77290B8CA1ED9BFB40D94A3CE80BEC2685F2A89F","D:\TGY\vibecoding\delivery_offline\打码机管子汇总\VJMsg\J11BS.7601.A.040.000","D:\TGY\vibecoding\delivery_offline\打码机管子汇总\歼-11BS\J11BS.7601.A.040.000","D:\TGY\vibecoding\delivery_offline\archive_dup\歼-11BS\J11BS.7601.A.040.000"
"132BE5228008B7D3C4F831C16DAC8C0D0A2E57AF","D:\TGY\vibecoding\delivery_offline\打码机管子汇总\VJMsg\J11BS.7601.A.045.000","D:\TGY\vibecoding\delivery_offline\打码机管子汇总\歼-11BS\J11BS.7601.A.045.000","D:\TGY\vibecoding\delivery_offline\archive_dup\歼-11BS\J11BS.7601.A.045.000"
"5B94CBB2AD2E7F9CC9C10460D3A74D162AD04D1D","D:\TGY\vibecoding\delivery_offline\打码机管子汇总\VJMsg\J11BS.7601.A.060.000","D:\TGY\vibecoding\delivery_offline\打码机管子汇总\歼-11BS\J11BS.7601.A.060.000","D:\TGY\vibecoding\delivery_offline\archive_dup\歼-11BS\J11BS.7601.A.060.000"
"FEA554DAE9411CD2E515F0916E7D25C967360D0B","D:\TGY\vibecoding\delivery_offline\打码机管子汇总\VJMsg\J11BS.7601.A.625.000","D:\TGY\vibecoding\delivery_offline\打码机管子汇总\歼-11BS\J11BS.7601.A.625.000","D:\TGY\vibecoding\delivery_offline\archive_dup\歼-11BS\J11BS.7601.A.625.000"
"076D77E84B72C60B0FDFD6B33CF802503004D537","D:\TGY\vibecoding\delivery_offline\打码机管子汇总\VJMsg\J11BS.7601.A.660.000","D:\TGY\vibecoding\delivery_offline\打码机管子汇总\歼-11BS\J11BS.7601.A.660.000","D:\TGY\vibecoding\delivery_offline\archive_dup\歼-11BS\J11BS.7601.A.660.000"
"E4CBB521AB630D213856E43074DD2A2DA7AAFBD8","D:\TGY\vibecoding\delivery_offline\打码机管子汇总\VJMsg\J11BS.7601.A.720.905","D:\TGY\vibecoding\delivery_offline\打码机管子汇总\歼-11BS\J11BS.7601.A.720.905","D:\TGY\vibecoding\delivery_offline\archive_dup\歼-11BS\J11BS.7601.A.720.905"
"AC87098D0DE31003359E225700F4AABC2AAA17CF","D:\TGY\vibecoding\delivery_offline\打码机管子汇总\VJMsg\J11BS.7601.A.810.000","D:\TGY\vibecoding\delivery_offline\打码机管子汇总\歼-11BS\J11BS.7601.A.810.000","D:\TGY\vibecoding\delivery_offline\archive_dup\歼-11BS\J11BS.7601.A.810.000"
"83136A994A0A7A21F5D96C417F50A13B4B0C4F67","D:\TGY\vibecoding\delivery_offline\打码机管子汇总\VJMsg\J11BS.7601.A.815.000","D:\TGY\vibecoding\delivery_offline\打码机管子汇总\歼-11BS\J11BS.7601.A.815.000","D:\TGY\vibecoding\delivery_offline\archive_dup\歼-11BS\J11BS.7601.A.815.000"
"A98C689E265E3DD2B97344A3EAF18645A6BA3A6A","D:\TGY\vibecoding\delivery_offline\打码机管子汇总\VJMsg\J11BS.7800.A.005.949","D:\TGY\vibecoding\delivery_offline\打码机管子汇总\歼-11BS\J11BS.7800.A.005.949","D:\TGY\vibecoding\delivery_offline\archive_dup\歼-11BS\J11BS.7800.A.005.949"
"DF7A91B0FB7DB4D19BC10CC83AE4F37283090246","D:\TGY\vibecoding\delivery_offline\打码机管子汇总\VJMsg\J11BS.7800.A.045.929","D:\TGY\vibecoding\delivery_offline\打码机管子汇总\歼-11BS\J11BS.7800.A.045.929","D:\TGY\vibecoding\delivery_offline\archive_dup\歼-11BS\J11BS.7800.A.045.929"
"416FBCB8760AAFFC6B1283C02DBA87D850B04C47","D:\TGY\vibecoding\delivery_offline\打码机管子汇总\VJMsg\J11BS.7800.A.045.933","D:\TGY\vibecoding\delivery_offline\打码机管子汇总\歼-11BS\J11BS.7800.A.045.933","D:\TGY\vibecoding\delivery_offline\archive_dup\歼-11BS\J11BS.7800.A.045.933"
"923D9A3079D2E7D74D6FF67B520EF21003D53049","D:\TGY\vibecoding\delivery_offline\打码机管子汇总\VJMsg\J11BS.7800.A.045.935","D:\TGY\vibecoding\delivery_offline\打码机管子汇总\歼-11BS\J11BS.7800.A.045.935","D:\TGY\vibecoding\delivery_offline\archive_dup\歼-11BS\J11BS.7800.A.045.935"
"A3FB60D3AD5568A895529BF295D952B8EA3E99C8","D:\TGY\vibecoding\delivery_offline\打码机管子汇总\VJMsg\J11BS.7800.A.045.939","D:\TGY\vibecoding\delivery_offline\打码机管子汇总\歼-11BS\J11BS.7800.A.045.939","D:\TGY\vibecoding\delivery_offline\archive_dup\歼-11BS\J11BS.7800.A.045.939"
"084F6F01884E2B1F9108406E7485EF3E42AAE979","D:\TGY\vibecoding\delivery_offline\打码机管子汇总\VJMsg\J11BS.7800.A.045.941","D:\TGY\vibecoding\delivery_offline\打码机管子汇总\歼-11BS\J11BS.7800.A.045.941","D:\TGY\vibecoding\delivery_offline\archive_dup\歼-11BS\J11BS.7800.A.045.941"
"350A9C69F903CDACC6BCE09F1E8EC43EFA139D2B","D:\TGY\vibecoding\delivery_offline\打码机管子汇总\VJMsg\J11BS.7800.A.045.957","D:\TGY\vibecoding\delivery_offline\打码机管子汇总\歼-11BS\J11BS.7800.A.045.957","D:\TGY\vibecoding\delivery_offline\archive_dup\歼-11BS\J11BS.7800.A.045.957"
"91CEEB03F766D64E7D111DBE342FDA208E5729A9","D:\TGY\vibecoding\delivery_offline\打码机管子汇总\VJMsg\J11BS.7800.A.045.959","D:\TGY\vibecoding\delivery_offline\打码机管子汇总\歼-11BS\J11BS.7800.A.045.959","D:\TGY\vibecoding\delivery_offline\archive_dup\歼-11BS\J11BS.7800.A.045.959"
"B6A57C0799AD1CF24AC3E8D9E097239F0C9EF891","D:\TGY\vibecoding\delivery_offline\打码机管子汇总\VJMsg\J11BS.7800.A.045.961","D:\TGY\vibecoding\delivery_offline\打码机管子汇总\歼-11BS\J11BS.7800.A.045.961","D:\TGY\vibecoding\delivery_offline\archive_dup\歼-11BS\J11BS.7800.A.045.961"
"DA4662BE4780AC73FF1B37D6C114D7B9CC924CEA","D:\TGY\vibecoding\delivery_offline\打码机管子汇总\VJMsg\J11BS.7800.A.045.963","D:\TGY\vibecoding\delivery_offline\打码机管子汇总\歼-11BS\J11BS.7800.A.045.963","D:\TGY\vibecoding\delivery_offline\archive_dup\歼-11BS\J11BS.7800.A.045.963"
"796F10F2E2AD2122A1C10FB6D0EF543E2E74CB45","D:\TGY\vibecoding\delivery_offline\打码机管子汇总\VJMsg\J11BS.7800.A.140.953","D:\TGY\vibecoding\delivery_offline\打码机管子汇总\歼-11BS\J11BS.7800.A.140.953","D:\TGY\vibecoding\delivery_offline\archive_dup\歼-11BS\J11BS.7800.A.140.953"
"1EC7666265EC3CC50B076565209D0C740130CD6E","D:\TGY\vibecoding\delivery_offline\打码机管子汇总\VJMsg\J11BS.7801.A.020.913","D:\TGY\vibecoding\delivery_offline\打码机管子汇总\歼-11BS\J11BS.7801.A.020.913","D:\TGY\vibecoding\delivery_offline\archive_dup\歼-11BS\J11BS.7801.A.020.913"
"7F530FE12037AD0199CA14D524D6D514E949954E","D:\TGY\vibecoding\delivery_offline\打码机管子汇总\VJMsg\J11BS.7801.A.020.917","D:\TGY\vibecoding\delivery_offline\打码机管子汇总\歼-11BS\J11BS.7801.A.020.917","D:\TGY\vibecoding\delivery_offline\archive_dup\歼-11BS\J11BS.7801.A.020.917"
"4703F297A8116193F5FEB457A964CA99AD825270","D:\TGY\vibecoding\delivery_offline\打码机管子汇总\VJMsg\J11BS.7810.A.010.905","D:\TGY\vibecoding\delivery_offline\打码机管子汇总\歼-11BS\J11BS.7810.A.010.905","D:\TGY\vibecoding\delivery_offline\archive_dup\歼-11BS\J11BS.7810.A.010.905"
"121A2656178267B153BDFBDE1416A268CDBB4F22","D:\TGY\vibecoding\delivery_offline\打码机管子汇总\VJMsg\J11BS.7810.A.010.911","D:\TGY\vibecoding\delivery_offline\打码机管子汇总\歼-11BS\J11BS.7810.A.010.911","D:\TGY\vibecoding\delivery_offline\archive_dup\歼-11BS\J11BS.7810.A.010.911"
"8DDFC3E247241743EB5CD8EF02653DD685B7FAD8","D:\TGY\vibecoding\delivery_offline\打码机管子汇总\VJMsg\J11BS.7810.A.010.923","D:\TGY\vibecoding\delivery_offline\打码机管子汇总\歼-11BS\J11BS.7810.A.010.923","D:\TGY\vibecoding\delivery_offline\archive_dup\歼-11BS\J11BS.7810.A.010.923"
"EB2FCF2020407ACE653DB2EC9F6BEA0E92578E49","D:\TGY\vibecoding\delivery_offline\打码机管子汇总\VJMsg\J11BS.7810.A.010.925","D:\TGY\vibecoding\delivery_offline\打码机管子汇总\歼-11BS\J11BS.7810.A.010.925","D:\TGY\vibecoding\delivery_offline\archive_dup\歼-11BS\J11BS.7810.A.010.925"
"E8B4E26EC496E93BE9B715418326DD53CD132D4A","D:\TGY\vibecoding\delivery_offline\打码机管子汇总\VJMsg\J11BS.7810.A.010.927","D:\TGY\vibecoding\delivery_offline\打码机管子汇总\歼-11BS\J11BS.7810.A.010.927","D:\TGY\vibecoding\delivery_offline\archive_dup\歼-11BS\J11BS.7810.A.010.927"
"0B03378D74A385D2852EDA626334F28317FF69C1","D:\TGY\vibecoding\delivery_offline\打码机管子汇总\VJMsg\J11BS.8648.A.010.901","D:\TGY\vibecoding\delivery_offline\打码机管子汇总\歼-11BS\J11BS.8648.A.010.901","D:\TGY\vibecoding\delivery_offline\archive_dup\歼-11BS\J11BS.8648.A.010.901"
"4BD03BD3B93879419844594FF21DB13743E459F7","D:\TGY\vibecoding\delivery_offline\打码机管子汇总\VJMsg\J11BS.8648.A.010.903","D:\TGY\vibecoding\delivery_offline\打码机管子汇总\歼-11BS\J11BS.8648.A.010.903","D:\TGY\vibecoding\delivery_offline\archive_dup\歼-11BS\J11BS.8648.A.010.903"
"EA2DCF2C64E4C32EDF16484F76E7D4E0A26B779B","D:\TGY\vibecoding\delivery_offline\打码机管子汇总\VJMsg\J11BS.8648.A.010.904","D:\TGY\vibecoding\delivery_offline\打码机管子汇总\歼-11BS\J11BS.8648.A.010.904","D:\TGY\vibecoding\delivery_offline\archive_dup\歼-11BS\J11BS.8648.A.010.904"
"F420E9A1323B444D387E22BCD8931E766F3B5F5B","D:\TGY\vibecoding\delivery_offline\打码机管子汇总\VJMsg\J11BS.8648.A.010.905","D:\TGY\vibecoding\delivery_offline\打码机管子汇总\歼-11BS\J11BS.8648.A.010.905","D:\TGY\vibecoding\delivery_offline\archive_dup\歼-11BS\J11BS.8648.A.010.905"
"3498F7741F590AD94CC9A08D81CD3AFB6CE0C05B","D:\TGY\vibecoding\delivery_offline\打码机管子汇总\VJMsg\J11BS.8648.A.010.906","D:\TGY\vibecoding\delivery_offline\打码机管子汇总\歼-11BS\J11BS.8648.A.010.906","D:\TGY\vibecoding\delivery_offline\archive_dup\歼-11BS\J11BS.8648.A.010.906"
"67729F0C09FAE715D5D18E0B055BF57AFE5C012C","D:\TGY\vibecoding\delivery_offline\打码机管子汇总\VJMsg\J11BS.8648.A.010.907","D:\TGY\vibecoding\delivery_offline\打码机管子汇总\歼-11BS\J11BS.8648.A.010.907","D:\TGY\vibecoding\delivery_offline\archive_dup\歼-11BS\J11BS.8648.A.010.907"
"71CACECDD7848D9F848ECCBDE862094C4400A8F5","D:\TGY\vibecoding\delivery_offline\打码机管子汇总\VJMsg\J11BS.8648.A.010.908","D:\TGY\vibecoding\delivery_offline\打码机管子汇总\歼-11BS\J11BS.8648.A.010.908","D:\TGY\vibecoding\delivery_offline\archive_dup\歼-11BS\J11BS.8648.A.010.908"
"F7A23536F5ADC1028AA4B613BC973C95CEB8AF5F","D:\TGY\vibecoding\delivery_offline\打码机管子汇总\VJMsg\J11BS.8648.A.010.909","D:\TGY\vibecoding\delivery_offline\打码机管子汇总\歼-11BS\J11BS.8648.A.010.909","D:\TGY\vibecoding\delivery_offline\archive_dup\歼-11BS\J11BS.8648.A.010.909"
"E3C5411E4F6708A0D8C3081252E91B295E3F3189","D:\TGY\vibecoding\delivery_offline\打码机管子汇总\VJMsg\J11BS.8648.A.010.910","D:\TGY\vibecoding\delivery_offline\打码机管子汇总\歼-11BS\J11BS.8648.A.010.910","D:\TGY\vibecoding\delivery_offline\archive_dup\歼-11BS\J11BS.8648.A.010.910"
"0B20C782BED44D6C905DE82A9A564A91CE50A94B","D:\TGY\vibecoding\delivery_offline\打码机管子汇总\VJMsg\J11BS.8648.A.010.911","D:\TGY\vibecoding\delivery_offline\打码机管子汇总\歼-11BS\J11BS.8648.A.010.911","D:\TGY\vibecoding\delivery_offline\archive_dup\歼-11BS\J11BS.8648.A.010.911"
"2968262B0C190CB7094A9245DF2921A392F97197","D:\TGY\vibecoding\delivery_offline\打码机管子汇总\VJMsg\J11BS.8648.A.010.912","D:\TGY\vibecoding\delivery_offline\打码机管子汇总\歼-11BS\J11BS.8648.A.010.912","D:\TGY\vibecoding\delivery_offline\archive_dup\歼-11BS\J11BS.8648.A.010.912"
"930A3158AF1158622E1B8CA9F1CC006D1791D48A","D:\TGY\vibecoding\delivery_offline\打码机管子汇总\VJMsg\J11BS.8648.A.010.913","D:\TGY\vibecoding\delivery_offline\打码机管子汇总\歼-11BS\J11BS.8648.A.010.913","D:\TGY\vibecoding\delivery_offline\archive_dup\歼-11BS\J11BS.8648.A.010.913"
"2E5F2BAB0DFD5DD2B1C58D5A685DC654580820E8","D:\TGY\vibecoding\delivery_offline\打码机管子汇总\VJMsg\J11BS.8648.A.010.914","D:\TGY\vibecoding\delivery_offline\打码机管子汇总\歼-11BS\J11BS.8648.A.010.914","D:\TGY\vibecoding\delivery_offline\archive_dup\歼-11BS\J11BS.8648.A.010.914"
"16EEB3524C865DA51A8F1CB87BBE061DF71276AD","D:\TGY\vibecoding\delivery_offline\打码机管子汇总\VJMsg\J11BS.8648.A.010.916","D:\TGY\vibecoding\delivery_offline\打码机管子汇总\歼-11BS\J11BS.8648.A.010.916","D:\TGY\vibecoding\delivery_offline\archive_dup\歼-11BS\J11BS.8648.A.010.916"
"360BBD07538627BE7D44C4EE0FC28A727C1CFCBE","D:\TGY\vibecoding\delivery_offline\打码机管子汇总\VJMsg\J11BS.8648.A.010.917","D:\TGY\vibecoding\delivery_offline\打码机管子汇总\歼-11BS\J11BS.8648.A.010.917","D:\TGY\vibecoding\delivery_offline\archive_dup\歼-11BS\J11BS.8648.A.010.917"
"5E175D55CC073B442FADB5F96F6B248EDD1F7405","D:\TGY\vibecoding\delivery_offline\打码机管子汇总\VJMsg\J11BS.8648.A.010.918","D:\TGY\vibecoding\delivery_offline\打码机管子汇总\歼-11BS\J11BS.8648.A.010.918","D:\TGY\vibecoding\delivery_offline\archive_dup\歼-11BS\J11BS.8648.A.010.918"
"C9C10AC6CE4B5E2DCB0D8F18BD0419FC1B4D5D6C","D:\TGY\vibecoding\delivery_offline\打码机管子汇总\VJMsg\J11BS.8648.A.010.920","D:\TGY\vibecoding\delivery_offline\打码机管子汇总\歼-11BS\J11BS.8648.A.010.920","D:\TGY\vibecoding\delivery_offline\archive_dup\歼-11BS\J11BS.8648.A.010.920"
"7D485AEC064EC3600D88CB2C278BCDD729B0319D","D:\TGY\vibecoding\delivery_offline\打码机管子汇总\VJMsg\J11BS.8648.A.010.921","D:\TGY\vibecoding\delivery_offline\打码机管子汇总\歼-11BS\J11BS.8648.A.010.921","D:\TGY\vibecoding\delivery_offline\archive_dup\歼-11BS\J11BS.8648.A.010.921"
"C0AC57C2BFA5BB87B6F7951FF2325B45873FF50C","D:\TGY\vibecoding\delivery_offline\打码机管子汇总\VJMsg\J11BS.8648.A.010.922","D:\TGY\vibecoding\delivery_offline\打码机管子汇总\歼-11BS\J11BS.8648.A.010.922","D:\TGY\vibecoding\delivery_offline\archive_dup\歼-11BS\J11BS.8648.A.010.922"
"44B089562276A65C683C9032D5B20D57AECE608D","D:\TGY\vibecoding\delivery_offline\打码机管子汇总\VJMsg\J11BS.8648.A.010.924","D:\TGY\vibecoding\delivery_offline\打码机管子汇总\歼-11BS\J11BS.8648.A.010.924","D:\TGY\vibecoding\delivery_offline\archive_dup\歼-11BS\J11BS.8648.A.010.924"
"49B30F84DB30112AD46CD5F286E493CC3CB3A10D","D:\TGY\vibecoding\delivery_offline\打码机管子汇总\VJMsg\J11BS.8648.A.010.925","D:\TGY\vibecoding\delivery_offline\打码机管子汇总\歼-11BS\J11BS.8648.A.010.925","D:\TGY\vibecoding\delivery_offline\archive_dup\歼-11BS\J11BS.8648.A.010.925"
"3663A56F3723601593F82663F7D3583DFC84AE75","D:\TGY\vibecoding\delivery_offline\打码机管子汇总\VJMsg\J11BS.8648.A.010.928","D:\TGY\vibecoding\delivery_offline\打码机管子汇总\歼-11BS\J11BS.8648.A.010.928","D:\TGY\vibecoding\delivery_offline\archive_dup\歼-11BS\J11BS.8648.A.010.928"
"41C27D24AC7C98F17FB41C7E4E3DB5FE772ADA77","D:\TGY\vibecoding\delivery_offline\打码机管子汇总\VJMsg\J11BS.8648.A.010.929","D:\TGY\vibecoding\delivery_offline\打码机管子汇总\歼-11BS\J11BS.8648.A.010.929","D:\TGY\vibecoding\delivery_offline\archive_dup\歼-11BS\J11BS.8648.A.010.929"
"52ADCCDD8C8F0F918DAB6E8FADB0B17B6A220691","D:\TGY\vibecoding\delivery_offline\打码机管子汇总\VJMsg\J11BS.8648.A.010.930","D:\TGY\vibecoding\delivery_offline\打码机管子汇总\歼-11BS\J11BS.8648.A.010.930","D:\TGY\vibecoding\delivery_offline\archive_dup\歼-11BS\J11BS.8648.A.010.930"
"C1940811443C95D41EB24C12D5798FA0B7CBFEFE","D:\TGY\vibecoding\delivery_offline\打码机管子汇总\VJMsg\J11BS.8648.A.010.931","D:\TGY\vibecoding\delivery_offline\打码机管子汇总\歼-11BS\J11BS.8648.A.010.931","D:\TGY\vibecoding\delivery_offline\archive_dup\歼-11BS\J11BS.8648.A.010.931"
"343A8797990E32CE0184E0D8285EA14173D7E89E","D:\TGY\vibecoding\delivery_offline\打码机管子汇总\VJMsg\J11BS.8648.A.010.932","D:\TGY\vibecoding\delivery_offline\打码机管子汇总\歼-11BS\J11BS.8648.A.010.932","D:\TGY\vibecoding\delivery_offline\archive_dup\歼-11BS\J11BS.8648.A.010.932"
"DD493E63E797091B497674660BFB30D793BE49BE","D:\TGY\vibecoding\delivery_offline\打码机管子汇总\VJMsg\J11BS.8648.A.010.933","D:\TGY\vibecoding\delivery_offline\打码机管子汇总\歼-11BS\J11BS.8648.A.010.933","D:\TGY\vibecoding\delivery_offline\archive_dup\歼-11BS\J11BS.8648.A.010.933"
"00135CCDC0CC0B606FDA544ADF2A037A557BF643","D:\TGY\vibecoding\delivery_offline\打码机管子汇总\VJMsg\J11BS.8648.A.010.937","D:\TGY\vibecoding\delivery_offline\打码机管子汇总\歼-11BS\J11BS.8648.A.010.937","D:\TGY\vibecoding\delivery_offline\archive_dup\歼-11BS\J11BS.8648.A.010.937"
"16871CE2BA8A7236BED0F7A1F9499C8EA22F175F","D:\TGY\vibecoding\delivery_offline\打码机管子汇总\VJMsg\J11BS.8648.A.010.938","D:\TGY\vibecoding\delivery_offline\打码机管子汇总\歼-11BS\J11BS.8648.A.010.938","D:\TGY\vibecoding\delivery_offline\archive_dup\歼-11BS\J11BS.8648.A.010.938"
"6B7362820A6C84D64A14F5990F7935B130C09C3C","D:\TGY\vibecoding\delivery_offline\打码机管子汇总\VJMsg\J11BS.8648.A.010.939","D:\TGY\vibecoding\delivery_offline\打码机管子汇总\歼-11BS\J11BS.8648.A.010.939","D:\TGY\vibecoding\delivery_offline\archive_dup\歼-11BS\J11BS.8648.A.010.939"
"839293A9DCBCEF7DC06D95CA944DD0925DE45CA3","D:\TGY\vibecoding\delivery_offline\打码机管子汇总\VJMsg\J11BS.8648.A.010.940","D:\TGY\vibecoding\delivery_offline\打码机管子汇总\歼-11BS\J11BS.8648.A.010.940","D:\TGY\vibecoding\delivery_offline\archive_dup\歼-11BS\J11BS.8648.A.010.940"
"8085636A7D1F3DF3139317F4EBAC795EB1044B47","D:\TGY\vibecoding\delivery_offline\打码机管子汇总\VJMsg\J11BS.8648.A.010.941","D:\TGY\vibecoding\delivery_offline\打码机管子汇总\歼-11BS\J11BS.8648.A.010.941","D:\TGY\vibecoding\delivery_offline\archive_dup\歼-11BS\J11BS.8648.A.010.941"
"204D3090E265B617F813BD4794BF35EB08062052","D:\TGY\vibecoding\delivery_offline\打码机管子汇总\VJMsg\J11BS.8648.A.010.942","D:\TGY\vibecoding\delivery_offline\打码机管子汇总\歼-11BS\J11BS.8648.A.010.942","D:\TGY\vibecoding\delivery_offline\archive_dup\歼-11BS\J11BS.8648.A.010.942"
"D07BA50B2655805CB5105916ACC8583EB10E1BC5","D:\TGY\vibecoding\delivery_offline\打码机管子汇总\VJMsg\J11BS.8648.A.010.943","D:\TGY\vibecoding\delivery_offline\打码机管子汇总\歼-11BS\J11BS.8648.A.010.943","D:\TGY\vibecoding\delivery_offline\archive_dup\歼-11BS\J11BS.8648.A.010.943"
"28B4223D8EA2B2C3BE053E58D49F57CFDFF9CBF3","D:\TGY\vibecoding\delivery_offline\打码机管子汇总\VJMsg\J11BS.8648.A.010.945","D:\TGY\vibecoding\delivery_offline\打码机管子汇总\歼-11BS\J11BS.8648.A.010.945","D:\TGY\vibecoding\delivery_offline\archive_dup\歼-11BS\J11BS.8648.A.010.945"
"EB0D93A313CEE2823D05B8ABA3CDF805B2FE9D69","D:\TGY\vibecoding\delivery_offline\打码机管子汇总\VJMsg\J11BS.8648.A.010.946","D:\TGY\vibecoding\delivery_offline\打码机管子汇总\歼-11BS\J11BS.8648.A.010.946","D:\TGY\vibecoding\delivery_offline\archive_dup\歼-11BS\J11BS.8648.A.010.946"
"D5F0475653A12FF981B7583FE09C841E46C6E0B9","D:\TGY\vibecoding\delivery_offline\打码机管子汇总\VJMsg\J11BS.8648.A.010.947","D:\TGY\vibecoding\delivery_offline\打码机管子汇总\歼-11BS\J11BS.8648.A.010.947","D:\TGY\vibecoding\delivery_offline\archive_dup\歼-11BS\J11BS.8648.A.010.947"
"653015D55A699E94EC5D42CAF3FDECFD3CE5C656","D:\TGY\vibecoding\delivery_offline\打码机管子汇总\VJMsg\J11BS.8648.A.010.948","D:\TGY\vibecoding\delivery_offline\打码机管子汇总\歼-11BS\J11BS.8648.A.010.948","D:\TGY\vibecoding\delivery_offline\archive_dup\歼-11BS\J11BS.8648.A.010.948"
"5EAB12343CEF2165A8ED540E26B8C61C2D22707A","D:\TGY\vibecoding\delivery_offline\打码机管子汇总\VJMsg\J11BS.8648.A.010.949","D:\TGY\vibecoding\delivery_offline\打码机管子汇总\歼-11BS\J11BS.8648.A.010.949","D:\TGY\vibecoding\delivery_offline\archive_dup\歼-11BS\J11BS.8648.A.010.949"
"AE45B2F0464CF8C17220B7A7C1795D8807671E07","D:\TGY\vibecoding\delivery_offline\打码机管子汇总\VJMsg\J11BS.8648.A.010.950","D:\TGY\vibecoding\delivery_offline\打码机管子汇总\歼-11BS\J11BS.8648.A.010.950","D:\TGY\vibecoding\delivery_offline\archive_dup\歼-11BS\J11BS.8648.A.010.950"
"0820DB9D20C9C469953B2019F72D1F2A89930A7A","D:\TGY\vibecoding\delivery_offline\打码机管子汇总\VJMsg\J11BS.8648.A.010.951","D:\TGY\vibecoding\delivery_offline\打码机管子汇总\歼-11BS\J11BS.8648.A.010.951","D:\TGY\vibecoding\delivery_offline\archive_dup\歼-11BS\J11BS.8648.A.010.951"
"F1B435D4FEBC9F400AC51CB3927A3BAE2C6BEDFF","D:\TGY\vibecoding\delivery_offline\打码机管子汇总\VJMsg\J11BS.8648.A.010.952","D:\TGY\vibecoding\delivery_offline\打码机管子汇总\歼-11BS\J11BS.8648.A.010.952","D:\TGY\vibecoding\delivery_offline\archive_dup\歼-11BS\J11BS.8648.A.010.952"
"8D5F24C41A897AC2C4C3D7BBB7F88DB91287F6D8","D:\TGY\vibecoding\delivery_offline\打码机管子汇总\VJMsg\J11BS.8648.A.010.953","D:\TGY\vibecoding\delivery_offline\打码机管子汇总\歼-11BS\J11BS.8648.A.010.953","D:\TGY\vibecoding\delivery_offline\archive_dup\歼-11BS\J11BS.8648.A.010.953"
"EF5BDECF539B703AF5755E5FC3314E2DF60144D3","D:\TGY\vibecoding\delivery_offline\打码机管子汇总\VJMsg\J11BS.8648.A.010.954","D:\TGY\vibecoding\delivery_offline\打码机管子汇总\歼-11BS\J11BS.8648.A.010.954","D:\TGY\vibecoding\delivery_offline\archive_dup\歼-11BS\J11BS.8648.A.010.954"
"53B1634CD05D7C2B018AD087D50BEA9BD23BF971","D:\TGY\vibecoding\delivery_offline\打码机管子汇总\VJMsg\J11BS.8648.A.010.955","D:\TGY\vibecoding\delivery_offline\打码机管子汇总\歼-11BS\J11BS.8648.A.010.955","D:\TGY\vibecoding\delivery_offline\archive_dup\歼-11BS\J11BS.8648.A.010.955"
"2530135B4E2F1036F146B1EB0F6572978306BBF3","D:\TGY\vibecoding\delivery_offline\打码机管子汇总\VJMsg\J11BS.8648.A.010.956","D:\TGY\vibecoding\delivery_offline\打码机管子汇总\歼-11BS\J11BS.8648.A.010.956","D:\TGY\vibecoding\delivery_offline\archive_dup\歼-11BS\J11BS.8648.A.010.956"
"C1D0026336FB793236C8A7510B9F1419FB73D0F7","D:\TGY\vibecoding\delivery_offline\打码机管子汇总\VJMsg\J11BS.8648.A.010.957","D:\TGY\vibecoding\delivery_offline\打码机管子汇总\歼-11BS\J11BS.8648.A.010.957","D:\TGY\vibecoding\delivery_offline\archive_dup\歼-11BS\J11BS.8648.A.010.957"
"9D2FBBB309CFFF211F3845289814B30584E18B9B","D:\TGY\vibecoding\delivery_offline\打码机管子汇总\VJMsg\J11BS.8648.A.010.958","D:\TGY\vibecoding\delivery_offline\打码机管子汇总\歼-11BS\J11BS.8648.A.010.958","D:\TGY\vibecoding\delivery_offline\archive_dup\歼-11BS\J11BS.8648.A.010.958"
"D1E0F325D1312382B40C461021EB42607B22EF19","D:\TGY\vibecoding\delivery_offline\打码机管子汇总\VJMsg\J11BS.8648.A.010.959","D:\TGY\vibecoding\delivery_offline\打码机管子汇总\歼-11BS\J11BS.8648.A.010.959","D:\TGY\vibecoding\delivery_offline\archive_dup\歼-11BS\J11BS.8648.A.010.959"
"CA69C7BC03759746D7AB9D633336D74D1C5C7F22","D:\TGY\vibecoding\delivery_offline\打码机管子汇总\VJMsg\J11BS.8648.A.010.960","D:\TGY\vibecoding\delivery_offline\打码机管子汇总\歼-11BS\J11BS.8648.A.010.960","D:\TGY\vibecoding\delivery_offline\archive_dup\歼-11BS\J11BS.8648.A.010.960"
"50A2431278B57949C0F1A71F6912EA8D72B0B0F7","D:\TGY\vibecoding\delivery_offline\打码机管子汇总\VJMsg\J11BS.8648.A.010.961","D:\TGY\vibecoding\delivery_offline\打码机管子汇总\歼-11BS\J11BS.8648.A.010.961","D:\TGY\vibecoding\delivery_offline\archive_dup\歼-11BS\J11BS.8648.A.010.961"
"6757A60548F24028EEF1DAB2301913649EF3757B","D:\TGY\vibecoding\delivery_offline\打码机管子汇总\VJMsg\J11BS.8648.A.010.962","D:\TGY\vibecoding\delivery_offline\打码机管子汇总\歼-11BS\J11BS.8648.A.010.962","D:\TGY\vibecoding\delivery_offline\archive_dup\歼-11BS\J11BS.8648.A.010.962"
"FF7F83A495B515F8ACEEA5416588788FE7DB3D42","D:\TGY\vibecoding\delivery_offline\打码机管子汇总\VJMsg\J11BS.8648.A.010.963","D:\TGY\vibecoding\delivery_offline\打码机管子汇总\歼-11BS\J11BS.8648.A.010.963","D:\TGY\vibecoding\delivery_offline\archive_dup\歼-11BS\J11BS.8648.A.010.963"
"E046E1BFE784250831F3B4CBE4719A34148D766F","D:\TGY\vibecoding\delivery_offline\打码机管子汇总\VJMsg\J11BS.8648.A.010.964","D:\TGY\vibecoding\delivery_offline\打码机管子汇总\歼-11BS\J11BS.8648.A.010.964","D:\TGY\vibecoding\delivery_offline\archive_dup\歼-11BS\J11BS.8648.A.010.964"
"C9DFBD3994DE5E37F0F88F14EFEC8C4AE915103E","D:\TGY\vibecoding\delivery_offline\打码机管子汇总\VJMsg\J11BS.8648.A.010.965","D:\TGY\vibecoding\delivery_offline\打码机管子汇总\歼-11BS\J11BS.8648.A.010.965","D:\TGY\vibecoding\delivery_offline\archive_dup\歼-11BS\J11BS.8648.A.010.965"
"8BF94F7FB0E98098B277759EC7C2000E7F71E405","D:\TGY\vibecoding\delivery_offline\打码机管子汇总\VJMsg\J11BS.8648.A.010.966","D:\TGY\vibecoding\delivery_offline\打码机管子汇总\歼-11BS\J11BS.8648.A.010.966","D:\TGY\vibecoding\delivery_offline\archive_dup\歼-11BS\J11BS.8648.A.010.966"
"1B91D97ED61AF5C501F0A1CB6B3A20F19EFD1380","D:\TGY\vibecoding\delivery_offline\打码机管子汇总\VJMsg\J11BS.8648.A.010.967","D:\TGY\vibecoding\delivery_offline\打码机管子汇总\歼-11BS\J11BS.8648.A.010.967","D:\TGY\vibecoding\delivery_offline\archive_dup\歼-11BS\J11BS.8648.A.010.967"
"C4764D9237B8FE1A4861AA7EDF1F1867B02A37B2","D:\TGY\vibecoding\delivery_offline\打码机管子汇总\VJMsg\J11BS.8648.A.010.968","D:\TGY\vibecoding\delivery_offline\打码机管子汇总\歼-11BS\J11BS.8648.A.010.968","D:\TGY\vibecoding\delivery_offline\archive_dup\歼-11BS\J11BS.8648.A.010.968"
"5AF8A375F0CFFEC17624D0F44323B28B3C52D6FF","D:\TGY\vibecoding\delivery_offline\打码机管子汇总\VJMsg\J11BS.8648.A.010.969","D:\TGY\vibecoding\delivery_offline\打码机管子汇总\歼-11BS\J11BS.8648.A.010.969","D:\TGY\vibecoding\delivery_offline\archive_dup\歼-11BS\J11BS.8648.A.010.969"
"2DDAF8CC82AB1283D1BD6B75AF9DF7130D972945","D:\TGY\vibecoding\delivery_offline\打码机管子汇总\VJMsg\J11BS.8648.A.010.970","D:\TGY\vibecoding\delivery_offline\打码机管子汇总\歼-11BS\J11BS.8648.A.010.970","D:\TGY\vibecoding\delivery_offline\archive_dup\歼-11BS\J11BS.8648.A.010.970"
"674D3398CB5B7B2C3A3C743B30F94E2FEAA0B442","D:\TGY\vibecoding\delivery_offline\打码机管子汇总\VJMsg\J11BS.8648.A.010.971","D:\TGY\vibecoding\delivery_offline\打码机管子汇总\歼-11BS\J11BS.8648.A.010.971","D:\TGY\vibecoding\delivery_offline\archive_dup\歼-11BS\J11BS.8648.A.010.971"
"4B0C09DFD35B267639B116E90D94DB51B71125FE","D:\TGY\vibecoding\delivery_offline\打码机管子汇总\VJMsg\J11BS.8648.A.010.972","D:\TGY\vibecoding\delivery_offline\打码机管子汇总\歼-11BS\J11BS.8648.A.010.972","D:\TGY\vibecoding\delivery_offline\archive_dup\歼-11BS\J11BS.8648.A.010.972"
"F6CE75B1C7DF4D4F713AE8033C55BC7262778BBF","D:\TGY\vibecoding\delivery_offline\打码机管子汇总\VJMsg\J11BS.8648.A.010.973","D:\TGY\vibecoding\delivery_offline\打码机管子汇总\歼-11BS\J11BS.8648.A.010.973","D:\TGY\vibecoding\delivery_offline\archive_dup\歼-11BS\J11BS.8648.A.010.973"
"F511C9F1C632C2818076CE033DDAD4A1B3698D8E","D:\TGY\vibecoding\delivery_offline\打码机管子汇总\VJMsg\J11BS.8648.A.010.974","D:\TGY\vibecoding\delivery_offline\打码机管子汇总\歼-11BS\J11BS.8648.A.010.974","D:\TGY\vibecoding\delivery_offline\archive_dup\歼-11BS\J11BS.8648.A.010.974"
"AC58AB8238312541371433CA98011BE850C50E92","D:\TGY\vibecoding\delivery_offline\打码机管子汇总\VJMsg\J11BS.8648.A.010.975","D:\TGY\vibecoding\delivery_offline\打码机管子汇总\歼-11BS\J11BS.8648.A.010.975","D:\TGY\vibecoding\delivery_offline\archive_dup\歼-11BS\J11BS.8648.A.010.975"
"DFCF8EDC5BA87E340837726016EB344990024D8A","D:\TGY\vibecoding\delivery_offline\打码机管子汇总\VJMsg\J11BS.8648.A.010.976","D:\TGY\vibecoding\delivery_offline\打码机管子汇总\歼-11BS\J11BS.8648.A.010.976","D:\TGY\vibecoding\delivery_offline\archive_dup\歼-11BS\J11BS.8648.A.010.976"
"4A6372DEC584DED37E2C8CE6873666C57FABA9B2","D:\TGY\vibecoding\delivery_offline\打码机管子汇总\VJMsg\J11BS.8648.A.010.977","D:\TGY\vibecoding\delivery_offline\打码机管子汇总\歼-11BS\J11BS.8648.A.010.977","D:\TGY\vibecoding\delivery_offline\archive_dup\歼-11BS\J11BS.8648.A.010.977"
"C055387857C9FFB9648DC1B2430539ED2875708C","D:\TGY\vibecoding\delivery_offline\打码机管子汇总\VJMsg\J11BS.8648.A.010.978","D:\TGY\vibecoding\delivery_offline\打码机管子汇总\歼-11BS\J11BS.8648.A.010.978","D:\TGY\vibecoding\delivery_offline\archive_dup\歼-11BS\J11BS.8648.A.010.978"
"C515608C9098B62CFF2B07375DD0DBF143E6A2A1","D:\TGY\vibecoding\delivery_offline\打码机管子汇总\VJMsg\J11BS.8648.A.010.979","D:\TGY\vibecoding\delivery_offline\打码机管子汇总\歼-11BS\J11BS.8648.A.010.979","D:\TGY\vibecoding\delivery_offline\archive_dup\歼-11BS\J11BS.8648.A.010.979"
"9D6C8ED2C0B4F7E9B0D6A200882F053B45959C05","D:\TGY\vibecoding\delivery_offline\打码机管子汇总\VJMsg\J11BS.8648.A.010.980","D:\TGY\vibecoding\delivery_offline\打码机管子汇总\歼-11BS\J11BS.8648.A.010.980","D:\TGY\vibecoding\delivery_offline\archive_dup\歼-11BS\J11BS.8648.A.010.980"
"B98641D3B9419F8D473C1B192A06999C0EF98230","D:\TGY\vibecoding\delivery_offline\打码机管子汇总\VJMsg\J11BS.8648.A.010.981","D:\TGY\vibecoding\delivery_offline\打码机管子汇总\歼-11BS\J11BS.8648.A.010.981","D:\TGY\vibecoding\delivery_offline\archive_dup\歼-11BS\J11BS.8648.A.010.981"
"3F1B86C35ED2D31EE351EA95E3C15CFFE0570846","D:\TGY\vibecoding\delivery_offline\打码机管子汇总\VJMsg\J11BS.8648.A.010.982","D:\TGY\vibecoding\delivery_offline\打码机管子汇总\歼-11BS\J11BS.8648.A.010.982","D:\TGY\vibecoding\delivery_offline\archive_dup\歼-11BS\J11BS.8648.A.010.982"
"9F29CCE67E5B66DB027D612E3E6EB383C99DCA75","D:\TGY\vibecoding\delivery_offline\打码机管子汇总\VJMsg\J11BS.8648.A.010.983","D:\TGY\vibecoding\delivery_offline\打码机管子汇总\歼-11BS\J11BS.8648.A.010.983","D:\TGY\vibecoding\delivery_offline\archive_dup\歼-11BS\J11BS.8648.A.010.983"
"B5EE2DFE647771866350ACD14A1F7D1A7CBCEFFC","D:\TGY\vibecoding\delivery_offline\打码机管子汇总\VJMsg\J11BS.8648.A.010.984","D:\TGY\vibecoding\delivery_offline\打码机管子汇总\歼-11BS\J11BS.8648.A.010.984","D:\TGY\vibecoding\delivery_offline\archive_dup\歼-11BS\J11BS.8648.A.010.984"
"3457E22BE80EC33B72654080B538A3F05F2E6C67","D:\TGY\vibecoding\delivery_offline\打码机管子汇总\VJMsg\YASUO","D:\TGY\vibecoding\delivery_offline\打码机管子汇总\歼-11BS\YASUO","D:\TGY\vibecoding\delivery_offline\archive_dup\歼-11BS\YASUO"
"2BA23E9C5AF1B79AA2B91D660CE64BDA5D7E72C5","D:\TGY\vibecoding\delivery_offline\打码机管子汇总\歼-11BS\J11BS.0740.A.600.901","D:\TGY\vibecoding\delivery_offline\打码机管子汇总\歼-11BS\J11BS.0740.A.600.965","D:\TGY\vibecoding\delivery_offline\archive_dup\歼-11BS\J11BS.0740.A.600.965"
"E3CB264EA176AE8BE7F9A6E6D66DF71E54E16B5E","D:\TGY\vibecoding\delivery_offline\打码机管子汇总\歼-11BS\J11BS.5303.A.010.901","D:\TGY\vibecoding\delivery_offline\打码机管子汇总\歼-11BS\J11BS.5324.A.655.907","D:\TGY\vibecoding\delivery_offline\archive_dup\歼-11BS\J11BS.5324.A.655.907"
"7923DEEEE8A8E3FAB1D6EE7C330E65FF4E1BB5E4","D:\TGY\vibecoding\delivery_offline\打码机管子汇总\歼-11BS\J11BS.5314.A.050.902","D:\TGY\vibecoding\delivery_offline\打码机管子汇总\歼-11BS\J11BS.5314.A.050.932","D:\TGY\vibecoding\delivery_offline\archive_dup\歼-11BS\J11BS.5314.A.050.932"
